CHROM	POS	SNP	EUR_f_super	EUR_Hi_super	EAS_f_super	EAS_Hi_super	AFR_f_super	AFR_Hi_super	AMR_f_super	AMR_Hi_super	SAS_f_super	SAS_Hi_super	
chrX	155703812	.	0	0	0	0	0.00718390804597701	0.014367816091954	0.00280898876404494	0.00561797752808989	0	0	
chrX	155703847	.	0	0	0	0	0.0014367816091954	0.0028735632183908	0	0	0	0	
chrX	155703850	.	0.0128205128205128	0.0256410256410256	0	0	0	0	0.00280898876404494	0.00561797752808989	0	0	
chrX	155703853	.	0	0	0	0	0	0	0.00280898876404494	0.00561797752808989	0	0	
chrX	155703950	.	0.00183150183150183	0.00366300366300366	0	0	0	0	0	0	0	0	
chrX	155703951	.	0.00183150183150183	0.00366300366300366	0	0	0.00574712643678161	0.0114942528735632	0	0	0.00217864923747277	0.00434782608695652	
chrX	155703976	.	0.0274725274725275	0.0549450549450549	0	0	0	0	0.00561797752808989	0.0112359550561798	0.0152505446623094	0.0304347826086957	
chrX	155704002	.	0	0	0	0	0.00574712643678161	0.00574712643678161	0	0	0	0	
chrX	155704003	.	0.00732600732600733	0.0146520146520147	0	0	0.0014367816091954	0.0028735632183908	0.00280898876404494	0.00561797752808989	0	0	
chrX	155704012	.	0	0	0	0	0	0	0	0	0	0	
chrX	155704030	.	0.0567765567765568	0.106227106227106	0	0	0.0186781609195402	0.0373563218390805	0.0337078651685393	0.0674157303370786	0.0326797385620915	0.0565217391304348	
chrX	155704041	.	0	0	0	0	0	0	0	0	0	0	
chrX	155704070	.	0	0	0.00187265917602996	0.00374531835205993	0	0	0	0	0	0	
chrX	155704071	.	0	0	0	0	0	0	0	0	0	0	
chrX	155704152	.	0.0402930402930403	0.0805860805860806	0	0	0.0014367816091954	0.0028735632183908	0.0196629213483146	0.0393258426966292	0	0	
chrX	155704157	.	0.00183150183150183	0.00366300366300366	0	0	0	0	0	0	0	0	
chrX	155704189	.	0	0	0.00187265917602996	0.00374531835205993	0	0	0	0	0	0	
chrX	155704328	.	0	0	0	0	0	0	0	0	0	0	
chrX	155704358	.	0	0	0	0	0.0014367816091954	0.0028735632183908	0	0	0	0	
chrX	155704363	.	0	0	0	0	0	0	0	0	0	0	
chrX	155704364	.	0	0	0.00187265917602996	0.00374531835205993	0	0	0	0	0	0	
chrX	155704423	.	0.00183150183150183	0.00366300366300366	0	0	0	0	0	0	0	0	
chrX	155704497	.	0.00183150183150183	0.00366300366300366	0	0	0	0	0	0	0	0	
chrX	155704578	.	0	0	0	0	0	0	0.00280898876404494	0.00561797752808989	0	0	
chrX	155704591	.	0	0	0	0	0.0014367816091954	0.0028735632183908	0	0	0	0	
chrX	155704634	.	0	0	0	0	0.00574712643678161	0.0114942528735632	0	0	0.00217864923747277	0.00434782608695652	
chrX	155704672	.	0	0	0	0	0.00574712643678161	0.0114942528735632	0	0	0.00217864923747277	0.00434782608695652	
chrX	155704767	.	0.188644688644689	0.282051282051282	0.279026217228464	0.378277153558052	0.602011494252874	0.46264367816092	0.337078651685393	0.426966292134831	0.261437908496732	0.373913043478261	
chrX	155704794	.	0	0	0	0	0	0	0	0	0	0	
chrX	155704837	.	0	0	0	0	0	0	0.00280898876404494	0.00561797752808989	0	0	
chrX	155704966	.	0	0	0	0	0	0	0	0	0	0	
chrX	155704979	.	0	0	0	0	0.00574712643678161	0.0114942528735632	0	0	0.00217864923747277	0.00434782608695652	
chrX	155705194	.	0	0	0	0	0	0	0	0	0.00217864923747277	0.00434782608695652	
chrX	155705273	.	0	0	0	0	0	0	0	0	0	0	
chrX	155705325	.	0.186813186813187	0.278388278388278	0.279026217228464	0.378277153558052	0.599137931034483	0.474137931034483	0.337078651685393	0.426966292134831	0.261437908496732	0.373913043478261	
chrX	155705350	.	0	0	0	0	0	0	0	0	0	0	
chrX	155705564	.	0	0	0	0	0.0158045977011494	0.0316091954022989	0.00561797752808989	0.0112359550561798	0	0	
chrX	155705587	.	0	0	0	0	0	0	0	0	0	0	
chrX	155705621	.	0.0402930402930403	0.0805860805860806	0	0	0	0	0.0196629213483146	0.0393258426966292	0	0	
chrX	155705651	.	0	0	0	0	0	0	0	0	0.00217864923747277	0.00434782608695652	
chrX	155705666	.	0	0	0	0	0	0	0	0	0	0	
chrX	155705682	.	0	0	0	0	0.0014367816091954	0.0028735632183908	0	0	0	0	
chrX	155705687	.	0.00183150183150183	0.00366300366300366	0	0	0	0	0	0	0	0	
chrX	155705793	.	0.00366300366300366	0.00732600732600733	0	0	0	0	0	0	0	0	
chrX	155705898	.	0	0	0	0	0	0	0	0	0	0	
chrX	155705912	.	0	0	0	0	0	0	0	0	0	0	
chrX	155705957	.	0	0	0	0	0	0	0	0	0	0	
chrX	155705960	.	0	0	0.00187265917602996	0.00374531835205993	0	0	0	0	0	0	
chrX	155705961	.	0	0	0	0	0.0373563218390805	0.0747126436781609	0	0	0	0	
chrX	155706003	.	0	0	0	0	0	0	0	0	0	0	
chrX	155706063	.	0	0	0	0	0	0	0	0	0	0	
chrX	155706094	.	0	0	0	0	0	0	0	0	0.00435729847494553	0.00869565217391304	
chrX	155706117	.	0	0	0.00187265917602996	0.00374531835205993	0	0	0	0	0	0	
chrX	155706172	.	0	0	0.00187265917602996	0.00374531835205993	0	0	0	0	0	0	
chrX	155706179	.	0	0	0.00187265917602996	0.00374531835205993	0	0	0	0	0	0	
chrX	155706218	.	0	0	0	0	0.00574712643678161	0.0114942528735632	0	0	0.00217864923747277	0.00434782608695652	
chrX	155706282	.	0	0	0	0	0	0	0	0	0	0	
chrX	155706300	.	0	0	0	0	0.0158045977011494	0.0316091954022989	0.00561797752808989	0.0112359550561798	0	0	
chrX	155706414	.	0.00366300366300366	0.00732600732600733	0	0	0	0	0	0	0	0	
chrX	155706453	.	0	0	0	0	0.00718390804597701	0.014367816091954	0.00280898876404494	0.00561797752808989	0	0	
chrX	155706519	.	0	0	0	0	0	0	0.00280898876404494	0.00561797752808989	0	0	
chrX	155706522	.	0	0	0	0	0.0014367816091954	0.0028735632183908	0	0	0.00217864923747277	0.00434782608695652	
chrX	155706542	.	0	0	0	0	0	0	0	0	0.00435729847494553	0.00869565217391304	
chrX	155706543	.	0	0	0	0	0	0	0.00280898876404494	0.00561797752808989	0	0	
chrX	155706604	.	0	0	0	0	0	0	0	0	0	0	
chrX	155706609	.	0.00183150183150183	0.00366300366300366	0	0	0	0	0	0	0	0	
chrX	155706647	.	0	0	0.00561797752808989	0.0112359550561798	0	0	0	0	0.00217864923747277	0.00434782608695652	
chrX	155706700	.	0.00183150183150183	0.00366300366300366	0	0	0	0	0	0	0	0	
chrX	155706729	.	0	0	0	0	0.0014367816091954	0.0028735632183908	0	0	0	0	
chrX	155706768	.	0	0	0	0	0	0	0	0	0.0239651416122004	0.0478260869565217	
chrX	155706769	.	0	0	0	0	0.0014367816091954	0.0028735632183908	0	0	0	0	
chrX	155706801	.	0	0	0	0	0.0014367816091954	0.0028735632183908	0	0	0.00217864923747277	0.00434782608695652	
chrX	155706802	.	0	0	0	0	0.0014367816091954	0.0028735632183908	0	0	0	0	
chrX	155706890	.	0.186813186813187	0.285714285714286	0.279026217228464	0.378277153558052	0.599137931034483	0.468390804597701	0.339887640449438	0.432584269662921	0.259259259259259	0.369565217391304	
chrX	155707029	.	0.00183150183150183	0.00366300366300366	0	0	0	0	0	0	0	0	
chrX	155707158	.	0	0	0	0	0.0014367816091954	0.0028735632183908	0	0	0	0	
chrX	155707160	.	0.00183150183150183	0.00366300366300366	0	0	0	0	0	0	0	0	
chrX	155707168	.	0	0	0.00187265917602996	0.00374531835205993	0	0	0	0	0	0	
chrX	155707181	.	0	0	0.00187265917602996	0.00374531835205993	0	0	0	0	0.00871459694989107	0.0173913043478261	
chrX	155707212	.	0	0	0.00187265917602996	0.00374531835205993	0	0	0	0	0	0	
chrX	155707224	.	0	0	0	0	0	0	0	0	0	0	
chrX	155707358	.	0	0	0	0	0	0	0	0	0.00435729847494553	0.00869565217391304	
chrX	155707409	.	0	0	0.00187265917602996	0.00374531835205993	0	0	0	0	0	0	
chrX	155707411	.	0.00183150183150183	0.00366300366300366	0.0411985018726592	0.0749063670411985	0	0	0	0	0.00217864923747277	0.00434782608695652	
chrX	155707515	.	0	0	0	0	0	0	0	0	0	0	
chrX	155707524	.	0	0	0	0	0	0	0	0	0	0	
chrX	155707585	.	0	0	0	0	0	0	0	0	0	0	
chrX	155707610	.	0	0	0	0	0.0158045977011494	0.0316091954022989	0.00561797752808989	0.0112359550561798	0	0	
chrX	155707664	.	0.00183150183150183	0.00366300366300366	0	0	0	0	0.00842696629213483	0.0168539325842697	0	0	
chrX	155707666	.	0	0	0	0	0	0	0	0	0	0	
chrX	155707707	.	0	0	0	0	0	0	0	0	0	0	
chrX	155707757	.	0	0	0	0	0.0014367816091954	0.0028735632183908	0	0	0	0	
chrX	155707760	.	0	0	0	0	0	0	0.00280898876404494	0.00561797752808989	0	0	
chrX	155707779	.	0	0	0	0	0	0	0	0	0	0	
chrX	155707900	.	0	0	0	0	0.0028735632183908	0.00574712643678161	0	0	0	0	
chrX	155707952	.	0	0	0	0	0	0	0	0	0	0	
chrX	155707966	.	0	0	0.00187265917602996	0.00374531835205993	0	0	0	0	0	0	
chrX	155708097	.	0.00183150183150183	0.00366300366300366	0	0	0	0	0	0	0	0	
chrX	155708099	.	0	0	0	0	0	0	0	0	0	0	
chrX	155708123	.	0	0	0	0	0	0	0	0	0	0	
chrX	155708165	.	0	0	0	0	0	0	0	0	0	0	
chrX	155708209	.	0	0	0	0	0	0	0	0	0	0	
chrX	155708212	.	0	0	0	0	0	0	0	0	0	0	
chrX	155708287	.	0	0	0	0	0	0	0	0	0	0	
chrX	155708407	.	0.184981684981685	0.274725274725275	0.277153558052434	0.382022471910112	0.573275862068966	0.491379310344828	0.328651685393258	0.432584269662921	0.259259259259259	0.369565217391304	
chrX	155708446	.	0	0	0	0	0	0	0	0	0	0	
chrX	155708509	.	0	0	0	0	0	0	0	0	0.0108932461873638	0.0217391304347826	
chrX	155708534	.	0	0	0	0	0	0	0	0	0	0	
chrX	155708565	.	0	0	0	0	0.0100574712643678	0.0201149425287356	0	0	0	0	
chrX	155708661	.	0	0	0.00187265917602996	0.00374531835205993	0	0	0	0	0	0	
chrX	155708705	.	0	0	0	0	0.0014367816091954	0.0028735632183908	0	0	0	0	
chrX	155708725	.	0	0	0	0	0	0	0	0	0	0	
chrX	155708759	.	0	0	0	0	0	0	0	0	0	0	
chrX	155708883	.	0	0	0	0	0	0	0	0	0	0	
chrX	155708886	.	0.184981684981685	0.282051282051282	0.279026217228464	0.378277153558052	0.602011494252874	0.46264367816092	0.337078651685393	0.426966292134831	0.261437908496732	0.373913043478261	
chrX	155708894	.	0	0	0.00187265917602996	0.00374531835205993	0	0	0	0	0	0	
chrX	155708904	.	0	0	0.00187265917602996	0.00374531835205993	0	0	0	0	0	0	
chrX	155708917	.	0	0	0	0	0	0	0	0	0.00217864923747277	0.00434782608695652	
chrX	155708939	.	0.00183150183150183	0.00366300366300366	0	0	0.0617816091954023	0.117816091954023	0.00280898876404494	0.00561797752808989	0	0	
chrX	155709010	.	0	0	0	0	0	0	0	0	0	0	
chrX	155709028	.	0	0	0.0112359550561798	0.0224719101123595	0	0	0	0	0	0	
chrX	155709065	.	0	0	0	0	0	0	0	0	0	0	
chrX	155709184	.	0	0	0.00187265917602996	0.00374531835205993	0	0	0	0	0	0	
chrX	155709283	.	0	0	0	0	0	0	0	0	0	0	
chrX	155709299	.	0.00183150183150183	0.00366300366300366	0	0	0	0	0	0	0	0	
chrX	155709357	.	0.00183150183150183	0.00366300366300366	0	0	0.0028735632183908	0.00574712643678161	0	0	0	0	
chrX	155709367	.	0	0	0	0	0	0	0	0	0	0	
chrX	155709374	.	0	0	0	0	0	0	0	0	0.00435729847494553	0	
chrX	155709411	.	0	0	0	0	0	0	0	0	0	0	
chrX	155709424	.	0	0	0	0	0	0	0	0	0.00217864923747277	0.00434782608695652	
chrX	155709426	.	0	0	0	0	0	0	0	0	0	0	
chrX	155709547	.	0	0	0	0	0	0	0	0	0	0	
chrX	155709586	.	0	0	0	0	0.0100574712643678	0.0201149425287356	0.00561797752808989	0.0112359550561798	0	0	
chrX	155709878	.	0.00183150183150183	0.00366300366300366	0	0	0	0	0	0	0	0	
chrX	155709897	.	0	0	0	0	0	0	0.00280898876404494	0.00561797752808989	0	0	
chrX	155709929	.	0	0	0	0	0	0	0	0	0	0	
chrX	155709969	.	0	0	0	0	0	0	0	0	0	0	
chrX	155709973	.	0	0	0	0	0	0	0	0	0	0	
chrX	155709975	.	0	0	0	0	0.0158045977011494	0.0316091954022989	0.00561797752808989	0.0112359550561798	0	0	
chrX	155710033	.	0	0	0	0	0	0	0	0	0	0	
chrX	155710151	.	0	0	0	0	0.00431034482758621	0.00862068965517241	0	0	0	0	
chrX	155710244	.	0	0	0	0	0	0	0	0	0	0	
chrX	155710321	.	0	0	0	0	0	0	0.00561797752808989	0.0112359550561798	0	0	
chrX	155710322	.	0	0	0	0	0	0	0	0	0	0	
chrX	155710467	.	0	0	0	0	0	0	0	0	0	0	
chrX	155710488	.	0	0	0	0	0.0014367816091954	0.0028735632183908	0	0	0	0	
chrX	155710503	.	0	0	0	0	0.0158045977011494	0.0316091954022989	0.00561797752808989	0.0112359550561798	0	0	
chrX	155710676	.	0	0	0	0	0	0	0	0	0	0	
chrX	155710696	.	0.00183150183150183	0.00366300366300366	0	0	0	0	0	0	0	0	
chrX	155710771	.	0	0	0	0	0.0014367816091954	0.0028735632183908	0	0	0	0	
chrX	155710781	.	0	0	0	0	0	0	0.00280898876404494	0.00561797752808989	0	0	
chrX	155710857	.	0	0	0	0	0.0028735632183908	0.00574712643678161	0	0	0	0	
chrX	155710879	.	0	0	0	0	0	0	0	0	0	0	
chrX	155710899	.	0	0	0.00561797752808989	0.0112359550561798	0	0	0	0	0	0	
chrX	155710909	.	0	0	0	0	0	0	0	0	0.00217864923747277	0.00434782608695652	
chrX	155710910	.	0	0	0	0	0.0028735632183908	0.00574712643678161	0	0	0	0	
chrX	155711033	.	0	0	0	0	0	0	0	0	0.00217864923747277	0.00434782608695652	
chrX	155711096	.	0	0	0	0	0.0014367816091954	0.0028735632183908	0	0	0	0	
chrX	155711109	.	0.247252747252747	0.362637362637363	0.279026217228464	0.378277153558052	0.870689655172414	0.218390804597701	0.390449438202247	0.421348314606742	0.298474945533769	0.404347826086957	
chrX	155711147	.	0	0	0	0	0.0014367816091954	0.0028735632183908	0	0	0	0	
chrX	155711231	.	0	0	0	0	0.0014367816091954	0.0028735632183908	0	0	0	0	
chrX	155711236	.	0	0	0	0	0	0	0	0	0.00217864923747277	0.00434782608695652	
chrX	155711276	.	0	0	0	0	0	0	0	0	0.00217864923747277	0.00434782608695652	
chrX	155711344	.	0	0	0	0	0	0	0	0	0.0065359477124183	0.0130434782608696	
chrX	155711384	.	0.00732600732600733	0.0146520146520147	0	0	0	0	0.00842696629213483	0.0168539325842697	0.0065359477124183	0.00434782608695652	
chrX	155711385	.	0	0	0	0	0	0	0	0	0	0	
chrX	155711505	.	0.184981684981685	0.282051282051282	0.279026217228464	0.378277153558052	0.570402298850575	0.479885057471264	0.328651685393258	0.432584269662921	0.259259259259259	0.369565217391304	
chrX	155711516	.	0	0	0	0	0	0	0	0	0	0	
chrX	155711530	.	0	0	0	0	0.00431034482758621	0.00862068965517241	0	0	0	0	
chrX	155711558	.	0	0	0	0	0.00574712643678161	0.0114942528735632	0	0	0.00435729847494553	0.00869565217391304	
chrX	155711607	.	0	0	0	0	0	0	0	0	0	0	
chrX	155711700	.	0	0	0.00187265917602996	0.00374531835205993	0	0	0	0	0	0	
chrX	155711752	.	0	0	0	0	0	0	0	0	0	0	
chrX	155711762	.	0	0	0	0	0	0	0	0	0.0065359477124183	0.0130434782608696	
chrX	155711793	.	0	0	0	0	0	0	0	0	0	0	
chrX	155711810	.	0	0	0	0	0	0	0	0	0	0	
chrX	155711825	.	0	0	0	0	0	0	0	0	0	0	
chrX	155711858	.	0.184981684981685	0.282051282051282	0.279026217228464	0.378277153558052	0.55316091954023	0.491379310344828	0.323033707865169	0.432584269662921	0.259259259259259	0.369565217391304	
chrX	155711875	.	0	0	0	0	0	0	0	0	0	0	
chrX	155711910	.	0.184981684981685	0.282051282051282	0.279026217228464	0.378277153558052	0.55316091954023	0.491379310344828	0.323033707865169	0.432584269662921	0.259259259259259	0.369565217391304	
chrX	155711971	.	0	0	0	0	0	0	0	0	0	0	
chrX	155712013	.	0	0	0	0	0	0	0	0	0.00435729847494553	0	
chrX	155712132	.	0	0	0	0	0.0028735632183908	0.00574712643678161	0	0	0	0	
chrX	155712209	.	0	0	0	0	0.0272988505747126	0.0545977011494253	0.00561797752808989	0.0112359550561798	0.00435729847494553	0.00869565217391304	
chrX	155712273	.	0	0	0	0	0	0	0.0196629213483146	0.0393258426966292	0	0	
chrX	155712287	.	0	0	0	0	0	0	0	0	0.0065359477124183	0.0130434782608696	
chrX	155712334	.	0	0	0	0	0	0	0	0	0	0	
chrX	155712372	.	0	0	0	0	0	0	0	0	0.00217864923747277	0.00434782608695652	
chrX	155712397	.	0	0	0	0	0	0	0	0	0	0	
chrX	155712493	.	0	0	0	0	0.00718390804597701	0.014367816091954	0.00280898876404494	0.00561797752808989	0	0	
chrX	155712526	.	0	0	0	0	0	0	0	0	0	0	
chrX	155712531	.	0	0	0	0	0	0	0	0	0	0	
chrX	155712548	.	0	0	0	0	0	0	0	0	0	0	
chrX	155712564	.	0	0	0	0	0.00718390804597701	0.014367816091954	0.00280898876404494	0.00561797752808989	0	0	
chrX	155712741	.	0	0	0	0	0	0	0	0	0	0	
chrX	155712783	.	0	0	0.00187265917602996	0.00374531835205993	0	0	0	0	0	0	
chrX	155712980	.	0	0	0	0	0	0	0.00280898876404494	0.00561797752808989	0	0	
chrX	155712986	.	0	0	0	0	0	0	0	0	0	0	
chrX	155712996	.	0	0	0	0	0	0	0	0	0	0	
chrX	155713006	.	0	0	0	0	0	0	0.00280898876404494	0.00561797752808989	0	0	
